{"cameraMode":{"drawMode":0,"name":"Shaded","section":"Shading Mode"},"sceneLighting":true,"audioPlay":false,"sceneViewState":{"m_AlwaysRefresh":false,"showFog":true,"showSkybox":true,"showFlares":true,"showImageEffects":true,"showParticleSystems":true,"showVisualEffectGraphs":true,"m_FxEnabled":false},"in2DMode":false,"pivot":{"x":-3.0422093868255617,"y":1.3204158544540406,"z":-0.27184420824050906},"rotation":{"x":0.014456822536885739,"y":0.9764436483383179,"z":-0.20384788513183595,"w":0.06924861669540405},"size":2.974860906600952,"orthographic":false}